{
  "com.liferay.client.extension.type.configuration.CETConfiguration~liferay-sample-frontend-token" : {
    ":configurator:policy" : "force",
    "baseURL" : "${portalURL}/o/liferay-sample-frontend-token",
    "buildTimestamp" : 1733907523951,
    "description" : "",
    "dxp.lxc.liferay.com.virtualInstanceId" : "default",
    "name" : "Liferay Sample Frontend Token",
    "projectId" : "liferaysamplefrontendtoken",
    "projectName" : "liferay-sample-frontend-token",
    "properties" : [ ],
    "sourceCodeURL" : "",
    "type" : "themeCSS",
    "typeSettings" : [ "clayURL=css/clay.css", "mainURL=css/main.css", "frontendTokenDefinitionJSON={\"frontendTokenCategories\":[{\"frontendTokenSets\":[{\"frontendTokens\":[{\"defaultValue\":\"8px\",\"editorType\":\"Length\",\"label\":\"border-radius\",\"mappings\":[{\"type\":\"cssVariable\",\"value\":\"btn-border-radius\"}],\"name\":\"btnBorderRadius\",\"type\":\"String\"},{\"defaultValue\":\"0\",\"editorType\":\"Length\",\"label\":\"border-width\",\"mappings\":[{\"type\":\"cssVariable\",\"value\":\"btn-border-width\"}],\"name\":\"btnBorderWidth\",\"type\":\"String\"},{\"defaultValue\":\"none\",\"label\":\"box-shadow\",\"mappings\":[{\"type\":\"cssVariable\",\"value\":\"btn-box-shadow\"}],\"name\":\"btnBoxShadow\",\"type\":\"String\"},{\"defaultValue\":\"13px\",\"editorType\":\"Length\",\"label\":\"font-size\",\"mappings\":[{\"type\":\"cssVariable\",\"value\":\"btn-font-size\"}],\"name\":\"btnFontSize\",\"type\":\"String\"},{\"defaultValue\":\"600\",\"label\":\"font-weight\",\"mappings\":[{\"type\":\"cssVariable\",\"value\":\"btn-font-weight\"}],\"name\":\"btnFontWeight\",\"type\":\"String\"},{\"defaultValue\":\"16px\",\"editorType\":\"Length\",\"label\":\"line-height\",\"mappings\":[{\"type\":\"cssVariable\",\"value\":\"btn-line-height\"}],\"name\":\"btnLineHeight\",\"type\":\"String\"},{\"defaultValue\":\"12px\",\"editorType\":\"Length\",\"label\":\"padding-x\",\"mappings\":[{\"type\":\"cssVariable\",\"value\":\"btn-padding-x\"}],\"name\":\"btnPaddingX\",\"type\":\"String\"},{\"defaultValue\":\"6px\",\"editorType\":\"Length\",\"label\":\"padding-y\",\"mappings\":[{\"type\":\"cssVariable\",\"value\":\"btn-padding-y\"}],\"name\":\"btnPaddingY\",\"type\":\"String\"},{\"defaultValue\":\"none\",\"label\":\"transition\",\"mappings\":[{\"type\":\"cssVariable\",\"value\":\"btn-transition\"}],\"name\":\"btnTransition\",\"type\":\"String\"},{\"defaultValue\":\"none\",\"label\":\"focus-box-shadow\",\"mappings\":[{\"type\":\"cssVariable\",\"value\":\"btn-focus-box-shadow\"}],\"name\":\"btnFocusBoxShadow\",\"type\":\"String\"},{\"defaultValue\":\"2px solid #0e5fd0\",\"label\":\"focus-outline\",\"mappings\":[{\"type\":\"cssVariable\",\"value\":\"btn-focus-outline\"}],\"name\":\"btnFocusOutline\",\"type\":\"String\"},{\"defaultValue\":\"1px\",\"editorType\":\"Length\",\"label\":\"focus-outline-offset\",\"mappings\":[{\"type\":\"cssVariable\",\"value\":\"btn-focus-outline-offset\"}],\"name\":\"btnFocusOutlineOffset\",\"type\":\"String\"},{\"defaultValue\":\"1\",\"label\":\"disabled-opacity\",\"mappings\":[{\"type\":\"cssVariable\",\"value\":\"btn-disabled-opacity\"}],\"name\":\"btnDisabledOpacity\",\"type\":\"String\"}],\"label\":\"btn\",\"name\":\"btn\"},{\"frontendTokens\":[{\"defaultValue\":\"#3f3f3f\",\"editorType\":\"ColorPicker\",\"label\":\"background-color\",\"mappings\":[{\"type\":\"cssVariable\",\"value\":\"btn-primary-background-color\"}],\"name\":\"btnPrimaryBackgroundColor\",\"type\":\"String\"},{\"defaultValue\":\"linear-gradient(180deg, rgba(48, 48, 48, 0) 63.53%, hsla(0, 0%, 100%, .15))\",\"label\":\"background-image\",\"mappings\":[{\"type\":\"cssVariable\",\"value\":\"btn-primary-background-image\"}],\"name\":\"btnPrimaryBackgroundImage\",\"type\":\"String\"},{\"defaultValue\":\"transparent\",\"editorType\":\"ColorPicker\",\"label\":\"border-color\",\"mappings\":[{\"type\":\"cssVariable\",\"value\":\"btn-primary-border-color\"}],\"name\":\"btnPrimaryBorderColor\",\"type\":\"String\"},{\"defaultValue\":\"inset 0px 0px 0 1px #3f3f3f,inset 1px 1px 0 1px rgba(129, 129, 129, 0.5), inset -1px 1px 0 1px rgba(129, 129, 129, 0.5)\",\"label\":\"box-shadow\",\"mappings\":[{\"type\":\"cssVariable\",\"value\":\"btn-primary-box-shadow\"}],\"name\":\"btnPrimaryBoxShadow\",\"type\":\"String\"},{\"defaultValue\":\"#fff\",\"editorType\":\"ColorPicker\",\"label\":\"color\",\"mappings\":[{\"type\":\"cssVariable\",\"value\":\"btn-primary-color\"}],\"name\":\"btnPrimaryColor\",\"type\":\"String\"},{\"defaultValue\":\"#1a1a1a\",\"editorType\":\"ColorPicker\",\"label\":\"hover-background-color\",\"mappings\":[{\"type\":\"cssVariable\",\"value\":\"btn-primary-hover-background-color\"}],\"name\":\"btnPrimaryHoverBackgroundColor\",\"type\":\"String\"},{\"defaultValue\":\"linear-gradient(180deg, rgba(48, 48, 48, 0) 63.53%, hsla(0, 0%, 100%, .15))\",\"label\":\"hover-background-image\",\"mappings\":[{\"type\":\"cssVariable\",\"value\":\"btn-primary-hover-background-image\"}],\"name\":\"btnPrimaryHoverBackgroundImage\",\"type\":\"String\"},{\"defaultValue\":\"transparent\",\"editorType\":\"ColorPicker\",\"label\":\"hover-border-color\",\"mappings\":[{\"type\":\"cssVariable\",\"value\":\"btn-primary-hover-border-color\"}],\"name\":\"btnPrimaryHoverBorderColor\",\"type\":\"String\"},{\"defaultValue\":\"0rem -0.0625rem 0rem 0.0625rem rgba(0, 0, 0, .8) inset, 0rem 0rem 0rem 0.0625rem #303030 inset, 0rem 0.03125rem 0rem 0.09375rem hsla(0, 0%, 100%, .25)\",\"label\":\"hover-box-shadow\",\"mappings\":[{\"type\":\"cssVariable\",\"value\":\"btn-primary-hover-box-shadow\"}],\"name\":\"btnPrimaryHoverBoxShadow\",\"type\":\"String\"},{\"defaultValue\":\"#fff\",\"editorType\":\"ColorPicker\",\"label\":\"hover-color\",\"mappings\":[{\"type\":\"cssVariable\",\"value\":\"btn-primary-hover-color\"}],\"name\":\"btnPrimaryHoverColor\",\"type\":\"String\"},{\"defaultValue\":\"#1a1a1a\",\"editorType\":\"ColorPicker\",\"label\":\"focus-background-color\",\"mappings\":[{\"type\":\"cssVariable\",\"value\":\"btn-primary-focus-background-color\"}],\"name\":\"btnPrimaryFocusBackgroundColor\",\"type\":\"String\"},{\"defaultValue\":\"linear-gradient(180deg, rgba(48, 48, 48, 0) 63.53%, hsla(0, 0%, 100%, .15))\",\"label\":\"focus-background-image\",\"mappings\":[{\"type\":\"cssVariable\",\"value\":\"btn-primary-focus-background-image\"}],\"name\":\"btnPrimaryFocusBackgroundImage\",\"type\":\"String\"},{\"defaultValue\":\"0rem -0.0625rem 0rem 0.0625rem rgba(0, 0, 0, .8) inset, 0rem 0rem 0rem 0.0625rem #303030 inset, 0rem 0.03125rem 0rem 0.09375rem hsla(0, 0%, 100%, .25) inset\",\"label\":\"focus-box-shadow\",\"mappings\":[{\"type\":\"cssVariable\",\"value\":\"btn-primary-focus-box-shadow\"}],\"name\":\"btnPrimaryFocusBoxShadow\",\"type\":\"String\"},{\"defaultValue\":\"transparent\",\"editorType\":\"ColorPicker\",\"label\":\"focus-border-color\",\"mappings\":[{\"type\":\"cssVariable\",\"value\":\"btn-primary-focus-border-color\"}],\"name\":\"btnPrimaryFocusBorderColor\",\"type\":\"String\"},{\"defaultValue\":\"#fff\",\"editorType\":\"ColorPicker\",\"label\":\"focus-color\",\"mappings\":[{\"type\":\"cssVariable\",\"value\":\"btn-primary-focus-color\"}],\"name\":\"btnPrimaryFocusColor\",\"type\":\"String\"},{\"defaultValue\":\"#303030\",\"editorType\":\"ColorPicker\",\"label\":\"active-background-color\",\"mappings\":[{\"type\":\"cssVariable\",\"value\":\"btn-primary-active-background-color\"}],\"name\":\"btnPrimaryActiveBackgroundColor\",\"type\":\"String\"},{\"defaultValue\":\"inset 0 3px 0 0 #000\",\"label\":\"active-box-shadow\",\"mappings\":[{\"type\":\"cssVariable\",\"value\":\"btn-primary-active-box-shadow\"}],\"name\":\"btnPrimaryActiveBoxShadow\",\"type\":\"String\"},{\"defaultValue\":\"transparent\",\"editorType\":\"ColorPicker\",\"label\":\"active-border-color\",\"mappings\":[{\"type\":\"cssVariable\",\"value\":\"btn-primary-active-border-color\"}],\"name\":\"btnPrimaryActiveBorderColor\",\"type\":\"String\"},{\"defaultValue\":\"#fff\",\"editorType\":\"ColorPicker\",\"label\":\"active-color\",\"mappings\":[{\"type\":\"cssVariable\",\"value\":\"btn-primary-active-color\"}],\"name\":\"btnPrimaryActiveColor\",\"type\":\"String\"},{\"defaultValue\":\"#c8c8c8\",\"editorType\":\"ColorPicker\",\"label\":\"disabled-background-color\",\"mappings\":[{\"type\":\"cssVariable\",\"value\":\"btn-primary-disabled-background-color\"}],\"name\":\"btnPrimaryDisabledBackgroundColor\",\"type\":\"String\"},{\"defaultValue\":\"transparent\",\"editorType\":\"ColorPicker\",\"label\":\"disabled-border-color\",\"mappings\":[{\"type\":\"cssVariable\",\"value\":\"btn-primary-disabled-border-color\"}],\"name\":\"btnPrimaryDisabledBorderColor\",\"type\":\"String\"},{\"defaultValue\":\"#fff\",\"editorType\":\"ColorPicker\",\"label\":\"disabled-color\",\"mappings\":[{\"type\":\"cssVariable\",\"value\":\"btn-primary-disabled-color\"}],\"name\":\"btnPrimaryDisabledColor\",\"type\":\"String\"}],\"label\":\"btn-primary\",\"name\":\"btnPrimary\"},{\"frontendTokens\":[{\"defaultValue\":\"#fff\",\"editorType\":\"ColorPicker\",\"label\":\"background-color\",\"mappings\":[{\"type\":\"cssVariable\",\"value\":\"btn-secondary-background-color\"}],\"name\":\"btnSecondaryBackgroundColor\",\"type\":\"String\"},{\"defaultValue\":\"transparent\",\"editorType\":\"ColorPicker\",\"label\":\"border-color\",\"mappings\":[{\"type\":\"cssVariable\",\"value\":\"btn-secondary-border-color\"}],\"name\":\"btnSecondaryBorderColor\",\"type\":\"String\"},{\"defaultValue\":\"0rem -0.0625rem 0rem 0rem #b5b5b5 inset, 0rem 0rem 0rem 0.0625rem rgba(0, 0, 0, .1) inset, 0rem 0.03125rem 0rem 0.09375rem #fff inset\",\"label\":\"box-shadow\",\"mappings\":[{\"type\":\"cssVariable\",\"value\":\"btn-secondary-box-shadow\"}],\"name\":\"btnSecondaryBoxShadow\",\"type\":\"String\"},{\"defaultValue\":\"#303030\",\"editorType\":\"ColorPicker\",\"label\":\"color\",\"mappings\":[{\"type\":\"cssVariable\",\"value\":\"btn-secondary-color\"}],\"name\":\"btnSecondaryColor\",\"type\":\"String\"},{\"defaultValue\":\"#fafafa\",\"editorType\":\"ColorPicker\",\"label\":\"hover-background-color\",\"mappings\":[{\"type\":\"cssVariable\",\"value\":\"btn-secondary-hover-background-color\"}],\"name\":\"btnSecondaryHoverBackgroundColor\",\"type\":\"String\"},{\"defaultValue\":\"transparent\",\"editorType\":\"ColorPicker\",\"label\":\"hover-border-color\",\"mappings\":[{\"type\":\"cssVariable\",\"value\":\"btn-secondary-hover-border-color\"}],\"name\":\"btnSecondaryHoverBorderColor\",\"type\":\"String\"},{\"defaultValue\":\"0rem -0.0625rem 0rem 0rem #b5b5b5 inset, 0rem 0rem 0rem 0.0625rem rgba(0, 0, 0, .1) inset, 0rem 0.03125rem 0rem 0.09375rem #fff inset\",\"label\":\"hover-box-shadow\",\"mappings\":[{\"type\":\"cssVariable\",\"value\":\"btn-secondary-hover-box-shadow\"}],\"name\":\"btnSecondaryHoverBoxShadow\",\"type\":\"String\"},{\"defaultValue\":\"#303030\",\"editorType\":\"ColorPicker\",\"label\":\"hover-color\",\"mappings\":[{\"type\":\"cssVariable\",\"value\":\"btn-secondary-hover-color\"}],\"name\":\"btnSecondaryHoverColor\",\"type\":\"String\"},{\"defaultValue\":\"#fafafa\",\"editorType\":\"ColorPicker\",\"label\":\"focus-background-color\",\"mappings\":[{\"type\":\"cssVariable\",\"value\":\"btn-secondary-focus-background-color\"}],\"name\":\"btnSecondaryFocusBackgroundColor\",\"type\":\"String\"},{\"defaultValue\":\"transparent\",\"editorType\":\"ColorPicker\",\"label\":\"focus-border-color\",\"mappings\":[{\"type\":\"cssVariable\",\"value\":\"btn-secondary-focus-border-color\"}],\"name\":\"btnSecondaryFocusBorderColor\",\"type\":\"String\"},{\"defaultValue\":\"0rem -0.0625rem 0rem 0rem #b5b5b5 inset, 0rem 0rem 0rem 0.0625rem rgba(0, 0, 0, .1) inset, 0rem 0.03125rem 0rem 0.09375rem #fff inset\",\"label\":\"focus-box-shadow\",\"mappings\":[{\"type\":\"cssVariable\",\"value\":\"btn-secondary-focus-box-shadow\"}],\"name\":\"btnSecondaryFocusBoxShadow\",\"type\":\"String\"},{\"defaultValue\":\"#303030\",\"editorType\":\"ColorPicker\",\"label\":\"focus-color\",\"mappings\":[{\"type\":\"cssVariable\",\"value\":\"btn-secondary-focus-color\"}],\"name\":\"btnSecondaryFocusColor\",\"type\":\"String\"},{\"defaultValue\":\"#f7f7f7\",\"editorType\":\"ColorPicker\",\"label\":\"active-background-color\",\"mappings\":[{\"type\":\"cssVariable\",\"value\":\"btn-secondary-active-background-color\"}],\"name\":\"btnSecondaryActiveBackgroundColor\",\"type\":\"String\"},{\"defaultValue\":\"transparent\",\"editorType\":\"ColorPicker\",\"label\":\"active-border-color\",\"mappings\":[{\"type\":\"cssVariable\",\"value\":\"btn-secondary-active-border-color\"}],\"name\":\"btnSecondaryActiveBorderColor\",\"type\":\"String\"},{\"defaultValue\":\"-0.0625rem 0rem 0.0625rem 0rem rgba(26, 26, 26, .122) inset, 0.0625rem 0rem 0.0625rem 0rem rgba(26, 26, 26, .122) inset, 0rem 0.125rem 0.0625rem 0rem rgba(26, 26, 26, .2) inset\",\"label\":\"active-box-shadow\",\"mappings\":[{\"type\":\"cssVariable\",\"value\":\"btn-secondary-active-box-shadow\"}],\"name\":\"btnSecondaryActiveBoxShadow\",\"type\":\"String\"},{\"defaultValue\":\"#303030\",\"editorType\":\"ColorPicker\",\"label\":\"active-color\",\"mappings\":[{\"type\":\"cssVariable\",\"value\":\"btn-secondary-active-color\"}],\"name\":\"btnSecondaryActiveColor\",\"type\":\"String\"},{\"defaultValue\":\"#e5e5e5\",\"editorType\":\"ColorPicker\",\"label\":\"disabled-background-color\",\"mappings\":[{\"type\":\"cssVariable\",\"value\":\"btn-secondary-disabled-background-color\"}],\"name\":\"btnSecondaryDisabledBackgroundColor\",\"type\":\"String\"},{\"defaultValue\":\"transparent\",\"editorType\":\"ColorPicker\",\"label\":\"disabled-border-color\",\"mappings\":[{\"type\":\"cssVariable\",\"value\":\"btn-secondary-disabled-border-color\"}],\"name\":\"btnSecondaryDisabledBorderColor\",\"type\":\"String\"},{\"defaultValue\":\"none\",\"label\":\"disabled-box-shadow\",\"mappings\":[{\"type\":\"cssVariable\",\"value\":\"btn-secondary-disabled-box-shadow\"}],\"name\":\"btnSecondaryDisabledBoxShadow\",\"type\":\"String\"},{\"defaultValue\":\"#b5b5b5\",\"editorType\":\"ColorPicker\",\"label\":\"disabled-color\",\"mappings\":[{\"type\":\"cssVariable\",\"value\":\"btn-secondary-disabled-color\"}],\"name\":\"btnSecondaryDisabledColor\",\"type\":\"String\"}],\"label\":\"btn-secondary\",\"name\":\"btnSecondary\"}],\"label\":\"buttons\",\"name\":\"buttons\"},{\"frontendTokenSets\":[{\"frontendTokens\":[{\"defaultValue\":\"32px\",\"label\":\"h1-font-size\",\"mappings\":[{\"type\":\"cssVariable\",\"value\":\"h1-font-size\"}],\"name\":\"h1FontSize\",\"type\":\"String\"},{\"defaultValue\":\"25px\",\"label\":\"h2-font-size\",\"mappings\":[{\"type\":\"cssVariable\",\"value\":\"h2-font-size\"}],\"name\":\"h2FontSize\",\"type\":\"String\"},{\"defaultValue\":\"20px\",\"label\":\"h3-font-size\",\"mappings\":[{\"type\":\"cssVariable\",\"value\":\"h3-font-size\"}],\"name\":\"h3FontSize\",\"type\":\"String\"},{\"defaultValue\":\"16px\",\"label\":\"h4-font-size\",\"mappings\":[{\"type\":\"cssVariable\",\"value\":\"h4-font-size\"}],\"name\":\"h4FontSize\",\"type\":\"String\"},{\"defaultValue\":\"14px\",\"label\":\"h5-font-size\",\"mappings\":[{\"type\":\"cssVariable\",\"value\":\"h5-font-size\"}],\"name\":\"h5FontSize\",\"type\":\"String\"},{\"defaultValue\":\"12px\",\"label\":\"h6-font-size\",\"mappings\":[{\"type\":\"cssVariable\",\"value\":\"h6-font-size\"}],\"name\":\"h6FontSize\",\"type\":\"String\"}],\"label\":\"headings\",\"name\":\"headings\"},{\"frontendTokens\":[{\"defaultValue\":\"system-ui, -apple-system, BlinkMacSystemFont, 'Segoe UI', Roboto, Oxygen-Sans, Ubuntu, Cantarell, 'Helvetica Neue', Arial, sans-serif, 'Apple Color Emoji', 'Segoe UI Emoji', 'Segoe UI Symbol'\",\"label\":\"font-family-sans-serif\",\"mappings\":[{\"type\":\"cssVariable\",\"value\":\"font-family-sans-serif\"}],\"name\":\"fontFamilySansSerif\",\"type\":\"String\"},{\"defaultValue\":\"SFMono-Regular, Menlo, Monaco, Consolas, 'Liberation Mono', 'Courier New', monospace\",\"label\":\"font-family-monospace\",\"mappings\":[{\"type\":\"cssVariable\",\"value\":\"font-family-monospace\"}],\"name\":\"fontFamilyMonospace\",\"type\":\"String\"},{\"defaultValue\":\"system-ui, -apple-system, BlinkMacSystemFont, 'Segoe UI', Roboto, Oxygen-Sans, Ubuntu, Cantarell, 'Helvetica Neue', Arial, sans-serif, 'Apple Color Emoji', 'Segoe UI Emoji', 'Segoe UI Symbol'\",\"label\":\"font-family-base\",\"mappings\":[{\"type\":\"cssVariable\",\"value\":\"font-family-base\"}],\"name\":\"fontFamilyBase\",\"type\":\"String\"}],\"label\":\"font-family\",\"name\":\"fontFamily\"},{\"frontendTokens\":[{\"defaultValue\":\"0.875rem\",\"editorType\":\"Length\",\"label\":\"font-size-base\",\"mappings\":[{\"type\":\"cssVariable\",\"value\":\"font-size-base\"}],\"name\":\"fontSizeBase\",\"type\":\"String\"},{\"defaultValue\":\"0.875rem\",\"editorType\":\"Length\",\"label\":\"font-size-sm\",\"mappings\":[{\"type\":\"cssVariable\",\"value\":\"font-size-sm\"}],\"name\":\"fontSizeSm\",\"type\":\"String\"},{\"defaultValue\":\"1.125rem\",\"editorType\":\"Length\",\"label\":\"font-size-lg\",\"mappings\":[{\"type\":\"cssVariable\",\"value\":\"font-size-lg\"}],\"name\":\"fontSizeLg\",\"type\":\"String\"}],\"label\":\"font-size\",\"name\":\"fontSize\"},{\"frontendTokens\":[{\"defaultValue\":\"lighter\",\"label\":\"font-weight-lighter\",\"mappings\":[{\"type\":\"cssVariable\",\"value\":\"font-weight-lighter\"}],\"name\":\"fontWeightLighter\",\"type\":\"String\"},{\"defaultValue\":\"300\",\"label\":\"font-weight-light\",\"mappings\":[{\"type\":\"cssVariable\",\"value\":\"font-weight-light\"}],\"name\":\"fontWeightLight\",\"type\":\"String\"},{\"defaultValue\":\"400\",\"label\":\"font-weight-normal\",\"mappings\":[{\"type\":\"cssVariable\",\"value\":\"font-weight-normal\"}],\"name\":\"fontWeightNormal\",\"type\":\"String\"},{\"defaultValue\":\"600\",\"label\":\"font-weight-semi-bold\",\"mappings\":[{\"type\":\"cssVariable\",\"value\":\"font-weight-semi-bold\"}],\"name\":\"fontWeightSemiBold\",\"type\":\"String\"},{\"defaultValue\":\"700\",\"label\":\"font-weight-bold\",\"mappings\":[{\"type\":\"cssVariable\",\"value\":\"font-weight-bold\"}],\"name\":\"fontWeightBold\",\"type\":\"String\"},{\"defaultValue\":\"900\",\"label\":\"font-weight-bolder\",\"mappings\":[{\"type\":\"cssVariable\",\"value\":\"font-weight-bolder\"}],\"name\":\"fontWeightBolder\",\"type\":\"String\"}],\"label\":\"font-weight\",\"name\":\"fontWeight\"},{\"frontendTokens\":[{\"defaultValue\":\"1.625rem\",\"editorType\":\"Length\",\"label\":\"h1-font-size\",\"mappings\":[{\"type\":\"cssVariable\",\"value\":\"h1-font-size\"}],\"name\":\"h1FontSize\",\"type\":\"String\"},{\"defaultValue\":\"1.375rem\",\"editorType\":\"Length\",\"label\":\"h2-font-size\",\"mappings\":[{\"type\":\"cssVariable\",\"value\":\"h2-font-size\"}],\"name\":\"h2FontSize\",\"type\":\"String\"},{\"defaultValue\":\"1.1875rem\",\"editorType\":\"Length\",\"label\":\"h3-font-size\",\"mappings\":[{\"type\":\"cssVariable\",\"value\":\"h3-font-size\"}],\"name\":\"h3FontSize\",\"type\":\"String\"},{\"defaultValue\":\"1rem\",\"editorType\":\"Length\",\"label\":\"h4-font-size\",\"mappings\":[{\"type\":\"cssVariable\",\"value\":\"h4-font-size\"}],\"name\":\"h4FontSize\",\"type\":\"String\"},{\"defaultValue\":\"0.875rem\",\"editorType\":\"Length\",\"label\":\"h5-font-size\",\"mappings\":[{\"type\":\"cssVariable\",\"value\":\"h5-font-size\"}],\"name\":\"h5FontSize\",\"type\":\"String\"},{\"defaultValue\":\"0.8125rem\",\"editorType\":\"Length\",\"label\":\"h6-font-size\",\"mappings\":[{\"type\":\"cssVariable\",\"value\":\"h6-font-size\"}],\"name\":\"h6FontSize\",\"type\":\"String\"}],\"label\":\"headings\",\"name\":\"headings\"},{\"frontendTokens\":[{\"defaultValue\":\"6rem\",\"editorType\":\"Length\",\"label\":\"display-1-size\",\"mappings\":[{\"type\":\"cssVariable\",\"value\":\"display1-size\"}],\"name\":\"display1Size\",\"type\":\"String\"},{\"defaultValue\":\"5.5rem\",\"editorType\":\"Length\",\"label\":\"display-2-size\",\"mappings\":[{\"type\":\"cssVariable\",\"value\":\"display2-size\"}],\"name\":\"display2Size\",\"type\":\"String\"},{\"defaultValue\":\"4.5rem\",\"editorType\":\"Length\",\"label\":\"display-3-size\",\"mappings\":[{\"type\":\"cssVariable\",\"value\":\"display3-size\"}],\"name\":\"display3Size\",\"type\":\"String\"},{\"defaultValue\":\"3.5rem\",\"editorType\":\"Length\",\"label\":\"display-4-size\",\"mappings\":[{\"type\":\"cssVariable\",\"value\":\"display4-size\"}],\"name\":\"display4Size\",\"type\":\"String\"},{\"defaultValue\":\"300\",\"label\":\"display-1-weight\",\"mappings\":[{\"type\":\"cssVariable\",\"value\":\"display1-weight\"}],\"name\":\"display1Weight\",\"type\":\"String\"},{\"defaultValue\":\"300\",\"label\":\"display-2-weight\",\"mappings\":[{\"type\":\"cssVariable\",\"value\":\"display2-weight\"}],\"name\":\"display2Weight\",\"type\":\"String\"},{\"defaultValue\":\"300\",\"label\":\"display-3-weight\",\"mappings\":[{\"type\":\"cssVariable\",\"value\":\"display3-weight\"}],\"name\":\"display3Weight\",\"type\":\"String\"},{\"defaultValue\":\"300\",\"label\":\"display-4-weight\",\"mappings\":[{\"type\":\"cssVariable\",\"value\":\"display4-weight\"}],\"name\":\"display4Weight\",\"type\":\"String\"},{\"defaultValue\":\"1.2\",\"label\":\"display-line-height\",\"mappings\":[{\"type\":\"cssVariable\",\"value\":\"display-line-height\"}],\"name\":\"displayLineHeight\",\"type\":\"String\"}],\"label\":\"displays\",\"name\":\"displays\"},{\"frontendTokens\":[{\"defaultValue\":\"1.25rem\",\"editorType\":\"Length\",\"label\":\"lead-font-size\",\"mappings\":[{\"type\":\"cssVariable\",\"value\":\"lead-font-size\"}],\"name\":\"leadFontSize\",\"type\":\"String\"},{\"defaultValue\":\"300\",\"label\":\"lead-font-weight\",\"mappings\":[{\"type\":\"cssVariable\",\"value\":\"lead-font-weight\"}],\"name\":\"leadFontWeight\",\"type\":\"String\"},{\"defaultValue\":\"#a7a9bc\",\"editorType\":\"ColorPicker\",\"label\":\"text-muted\",\"mappings\":[{\"type\":\"cssVariable\",\"value\":\"text-muted\"}],\"name\":\"textMuted\",\"type\":\"String\"},{\"defaultValue\":\"1.25rem\",\"editorType\":\"Length\",\"label\":\"blockquote-font-size\",\"mappings\":[{\"type\":\"cssVariable\",\"value\":\"blockquote-font-size\"}],\"name\":\"blockquoteFontSize\",\"type\":\"String\"},{\"defaultValue\":\"#6b6c7e\",\"editorType\":\"ColorPicker\",\"label\":\"blockquote-small-color\",\"mappings\":[{\"type\":\"cssVariable\",\"value\":\"blockquote-small-color\"}],\"name\":\"blockquoteSmallColor\",\"type\":\"String\"},{\"defaultValue\":\"80%\",\"editorType\":\"Length\",\"label\":\"blockquote-small-font-size\",\"mappings\":[{\"type\":\"cssVariable\",\"value\":\"blockquote-small-font-size\"}],\"name\":\"blockquoteSmallFontSize\",\"type\":\"String\"},{\"defaultValue\":\"rgba(0, 0, 0, .1)\",\"label\":\"hr-border-color\",\"mappings\":[{\"type\":\"cssVariable\",\"value\":\"hr-border-color\"}],\"name\":\"hrBorderColor\",\"type\":\"String\"},{\"defaultValue\":\"1px\",\"editorType\":\"Length\",\"label\":\"hr-border-width\",\"mappings\":[{\"type\":\"cssVariable\",\"value\":\"hr-border-width\"}],\"name\":\"hrBorderWidth\",\"type\":\"String\"},{\"defaultValue\":\"1rem\",\"editorType\":\"Length\",\"label\":\"hr-border-margin-y\",\"mappings\":[{\"type\":\"cssVariable\",\"value\":\"hr-border-margin-y\"}],\"name\":\"hrBorderMarginY\",\"type\":\"String\"}],\"label\":\"other\",\"name\":\"other\"}],\"label\":\"typography\",\"name\":\"typography\"}]}" ],
    "webContextPath" : "/liferay-sample-frontend-token"
  }
}