{
  "com.liferay.client.extension.type.configuration.CETConfiguration~liferay-sample-js-import-maps-entry" : {
    ":configurator:policy" : "force",
    "baseURL" : "${portalURL}/o/liferay-sample-js-import-maps-entry",
    "buildTimestamp" : 1733758348384,
    "description" : "",
    "dxp.lxc.liferay.com.virtualInstanceId" : "default",
    "name" : "Liferay Sample JS Import Maps Entry",
    "projectId" : "liferaysamplejsimportmapsentry",
    "projectName" : "liferay-sample-js-import-maps-entry",
    "properties" : [ ],
    "sourceCodeURL" : "",
    "type" : "jsImportMapsEntry",
    "typeSettings" : [ "bareSpecifier=editableWeb", "url=https://cdn.statically.io/gh/nikolabrkovic/test/20920f56/index.js" ],
    "webContextPath" : "/liferay-sample-js-import-maps-entry"
  }
}